'Биотопливо v.11.0.0', 200000, 'Lucoil'
'Биотопливо v.11.0.1', 200001, 'Lucoil'
'Биотопливо v.11.0.2', 200002, 'Lucoil'
'Биотопливо v.11.0.3', 200003, 'Lucoil'
'Биотопливо v.11.0.4', 200004, 'Lucoil'
'Биотопливо v.11.0.5', 200005, 'Lucoil'
'Биотопливо v.11.0.6', 200006, 'Lucoil'
'Биотопливо v.11.0.7', 200007, 'Lucoil'
'Биотопливо v.11.0.8', 200008, 'Lucoil'
'Биотопливо v.11.0.9', 200009, 'Lucoil'
'Биотопливо v.11.0.10', 200010, 'Lucoil'
'Биотопливо v.11.0.11', 200011, 'Lucoil'
'Биотопливо v.11.0.12', 200012, 'Lucoil'
'Биотопливо v.11.0.13', 200013, 'Lucoil'
'Биотопливо v.11.0.14', 200014, 'Lucoil'
'Биотопливо v.11.0.15', 200015, 'Lucoil'
'Биотопливо v.11.0.16', 200016, 'Lucoil'
'Биотопливо v.11.0.17', 200017, 'Lucoil'
'Биотопливо v.11.0.18', 200018, 'Lucoil'
'Биотопливо v.11.0.19', 200019, 'Lucoil'
'Биотопливо v.11.0.20', 200020, 'Lucoil'
'Биотопливо v.11.0.21', 200021, 'Lucoil'
'Биотопливо v.11.0.22', 200022, 'Lucoil'
'Биотопливо v.11.0.23', 200023, 'Lucoil'
'Биотопливо v.11.0.24', 200024, 'Lucoil'
'Биотопливо v.11.0.25', 200025, 'Lucoil'
'Биотопливо v.11.0.26', 200026, 'Lucoil'
'Биотопливо v.11.0.27', 200027, 'Lucoil'
'Биотопливо v.11.0.28', 200028, 'Lucoil'
'Биотопливо v.11.0.29', 200029, 'Lucoil'
'Биотопливо v.11.0.30', 200030, 'Lucoil'
'Биотопливо v.11.0.31', 200031, 'Lucoil'
'Биотопливо v.11.0.32', 200032, 'Lucoil'
'Биотопливо v.11.0.33', 200033, 'Lucoil'
'Биотопливо v.11.0.34', 200034, 'Lucoil'
'Биотопливо v.11.0.35', 200035, 'Lucoil'
'Биотопливо v.11.0.36', 200036, 'Lucoil'
'Биотопливо v.11.0.37', 200037, 'Lucoil'
'Биотопливо v.11.0.38', 200038, 'Lucoil'
'Биотопливо v.11.0.39', 200039, 'Lucoil'
'Биотопливо v.11.0.40', 200040, 'Lucoil'
'Биотопливо v.11.0.41', 200041, 'Lucoil'
'Биотопливо v.11.0.42', 200042, 'Lucoil'
'Биотопливо v.11.0.43', 200043, 'Lucoil'
'Биотопливо v.11.0.44', 200044, 'Lucoil'
'Биотопливо v.11.0.45', 200045, 'Lucoil'
'Биотопливо v.11.0.46', 200046, 'Lucoil'
'Биотопливо v.11.0.47', 200047, 'Lucoil'
'Биотопливо v.11.0.48', 200048, 'Lucoil'
'Биотопливо v.11.0.49', 200049, 'Lucoil'
'Биотопливо v.11.0.50', 200050, 'Lucoil'
'Биотопливо v.11.0.51', 200051, 'Lucoil'
'Биотопливо v.11.0.52', 200052, 'Lucoil'
'Биотопливо v.11.0.53', 200053, 'Lucoil'
'Биотопливо v.11.0.54', 200054, 'Lucoil'
'Биотопливо v.11.0.55', 200055, 'Lucoil'
'Биотопливо v.11.0.56', 200056, 'Lucoil'
'Биотопливо v.11.0.57', 200057, 'Lucoil'
'Биотопливо v.11.0.58', 200058, 'Lucoil'
'Биотопливо v.11.0.59', 200059, 'Lucoil'
'Биотопливо v.11.0.60', 200060, 'Lucoil'
'Биотопливо v.11.0.61', 200061, 'Lucoil'
'Биотопливо v.11.0.62', 200062, 'Lucoil'
'Биотопливо v.11.0.63', 200063, 'Lucoil'
'Биотопливо v.11.0.64', 200064, 'Lucoil'
'Биотопливо v.11.0.65', 200065, 'Lucoil'
'Биотопливо v.11.0.66', 200066, 'Lucoil'
'Биотопливо v.11.0.67', 200067, 'Lucoil'
'Биотопливо v.11.0.68', 200068, 'Lucoil'
'Биотопливо v.11.0.69', 200069, 'Lucoil'
'Биотопливо v.11.0.70', 200070, 'Lucoil'
'Биотопливо v.11.0.71', 200071, 'Lucoil'
'Биотопливо v.11.0.72', 200072, 'Lucoil'
'Биотопливо v.11.0.73', 200073, 'Lucoil'
'Биотопливо v.11.0.74', 200074, 'Lucoil'
'Биотопливо v.11.0.75', 200075, 'Lucoil'
'Биотопливо v.11.0.76', 200076, 'Lucoil'
'Биотопливо v.11.0.77', 200077, 'Lucoil'
'Биотопливо v.11.0.78', 200078, 'Lucoil'
'Биотопливо v.11.0.79', 200079, 'Lucoil'
'Биотопливо v.11.0.80', 200080, 'Lucoil'
'Биотопливо v.11.0.81', 200081, 'Lucoil'
'Биотопливо v.11.0.82', 200082, 'Lucoil'
'Биотопливо v.11.0.83', 200083, 'Lucoil'
'Биотопливо v.11.0.84', 200084, 'Lucoil'
'Биотопливо v.11.0.85', 200085, 'Lucoil'
'Биотопливо v.11.0.86', 200086, 'Lucoil'
'Биотопливо v.11.0.87', 200087, 'Lucoil'
'Биотопливо v.11.0.88', 200088, 'Lucoil'
'Биотопливо v.11.0.89', 200089, 'Lucoil'
'Биотопливо v.11.0.90', 200090, 'Lucoil'
'Биотопливо v.11.0.91', 200091, 'Lucoil'
'Биотопливо v.11.0.92', 200092, 'Lucoil'
'Биотопливо v.11.0.93', 200093, 'Lucoil'
'Биотопливо v.11.0.94', 200094, 'Lucoil'
'Биотопливо v.11.0.95', 200095, 'Lucoil'
'Биотопливо v.11.0.96', 200096, 'Lucoil'
'Биотопливо v.11.0.97', 200097, 'Lucoil'
'Биотопливо v.11.0.98', 200098, 'Lucoil'
'Биотопливо v.11.0.99', 200099, 'Lucoil'
'Биотопливо v.11.0.100', 200100, 'Lucoil'
'Биотопливо v.11.0.101', 200101, 'Lucoil'
'Биотопливо v.11.0.102', 200102, 'Lucoil'
'Биотопливо v.11.0.103', 200103, 'Lucoil'
'Биотопливо v.11.0.104', 200104, 'Lucoil'
'Биотопливо v.11.0.105', 200105, 'Lucoil'
'Биотопливо v.11.0.106', 200106, 'Lucoil'
'Биотопливо v.11.0.107', 200107, 'Lucoil'
'Биотопливо v.11.0.108', 200108, 'Lucoil'
'Биотопливо v.11.0.109', 200109, 'Lucoil'
'Биотопливо v.11.0.110', 200110, 'Lucoil'
'Биотопливо v.11.0.111', 200111, 'Lucoil'
'Биотопливо v.11.0.112', 200112, 'Lucoil'
'Биотопливо v.11.0.113', 200113, 'Lucoil'
'Биотопливо v.11.0.114', 200114, 'Lucoil'
'Биотопливо v.11.0.115', 200115, 'Lucoil'
'Биотопливо v.11.0.116', 200116, 'Lucoil'
'Биотопливо v.11.0.117', 200117, 'Lucoil'
'Биотопливо v.11.0.118', 200118, 'Lucoil'
'Биотопливо v.11.0.119', 200119, 'Lucoil'
'Биотопливо v.11.0.120', 200120, 'Lucoil'
'Биотопливо v.11.0.121', 200121, 'Lucoil'
'Биотопливо v.11.0.122', 200122, 'Lucoil'
'Биотопливо v.11.0.123', 200123, 'Lucoil'
'Биотопливо v.11.0.124', 200124, 'Lucoil'
'Биотопливо v.11.0.125', 200125, 'Lucoil'
'Биотопливо v.11.0.126', 200126, 'Lucoil'
'Биотопливо v.11.0.127', 200127, 'Lucoil'
'Биотопливо v.11.0.128', 200128, 'Lucoil'
'Биотопливо v.11.0.129', 200129, 'Lucoil'
'Биотопливо v.11.0.130', 200130, 'Lucoil'
'Биотопливо v.11.0.131', 200131, 'Lucoil'
'Биотопливо v.11.0.132', 200132, 'Lucoil'
'Биотопливо v.11.0.133', 200133, 'Lucoil'
'Биотопливо v.11.0.134', 200134, 'Lucoil'
'Биотопливо v.11.0.135', 200135, 'Lucoil'
'Биотопливо v.11.0.136', 200136, 'Lucoil'
'Биотопливо v.11.0.137', 200137, 'Lucoil'
'Биотопливо v.11.0.138', 200138, 'Lucoil'
'Биотопливо v.11.0.139', 200139, 'Lucoil'
'Биотопливо v.11.0.140', 200140, 'Lucoil'
'Биотопливо v.11.0.141', 200141, 'Lucoil'
'Биотопливо v.11.0.142', 200142, 'Lucoil'
'Биотопливо v.11.0.143', 200143, 'Lucoil'
'Биотопливо v.11.0.144', 200144, 'Lucoil'
'Биотопливо v.11.0.145', 200145, 'Lucoil'
'Биотопливо v.11.0.146', 200146, 'Lucoil'
'Биотопливо v.11.0.147', 200147, 'Lucoil'
'Биотопливо v.11.0.148', 200148, 'Lucoil'
'Биотопливо v.11.0.149', 200149, 'Lucoil'
'Биотопливо v.11.0.150', 200150, 'Lucoil'
'Биотопливо v.11.0.151', 200151, 'Lucoil'
'Биотопливо v.11.0.152', 200152, 'Lucoil'
'Биотопливо v.11.0.153', 200153, 'Lucoil'
'Биотопливо v.11.0.154', 200154, 'Lucoil'
'Биотопливо v.11.0.155', 200155, 'Lucoil'
'Биотопливо v.11.0.156', 200156, 'Lucoil'
'Биотопливо v.11.0.157', 200157, 'Lucoil'
'Биотопливо v.11.0.158', 200158, 'Lucoil'
'Биотопливо v.11.0.159', 200159, 'Lucoil'
'Биотопливо v.11.0.160', 200160, 'Lucoil'
'Биотопливо v.11.0.161', 200161, 'Lucoil'
'Биотопливо v.11.0.162', 200162, 'Lucoil'
'Биотопливо v.11.0.163', 200163, 'Lucoil'
'Биотопливо v.11.0.164', 200164, 'Lucoil'
'Биотопливо v.11.0.165', 200165, 'Lucoil'
'Биотопливо v.11.0.166', 200166, 'Lucoil'
'Биотопливо v.11.0.167', 200167, 'Lucoil'
'Биотопливо v.11.0.168', 200168, 'Lucoil'
'Биотопливо v.11.0.169', 200169, 'Lucoil'
'Биотопливо v.11.0.170', 200170, 'Lucoil'
'Биотопливо v.11.0.171', 200171, 'Lucoil'
'Биотопливо v.11.0.172', 200172, 'Lucoil'
'Биотопливо v.11.0.173', 200173, 'Lucoil'
'Биотопливо v.11.0.174', 200174, 'Lucoil'
'Биотопливо v.11.0.175', 200175, 'Lucoil'
'Биотопливо v.11.0.176', 200176, 'Lucoil'
'Биотопливо v.11.0.177', 200177, 'Lucoil'
'Биотопливо v.11.0.178', 200178, 'Lucoil'
'Биотопливо v.11.0.179', 200179, 'Lucoil'
'Биотопливо v.11.0.180', 200180, 'Lucoil'
'Биотопливо v.11.0.181', 200181, 'Lucoil'
'Биотопливо v.11.0.182', 200182, 'Lucoil'
'Биотопливо v.11.0.183', 200183, 'Lucoil'
'Биотопливо v.11.0.184', 200184, 'Lucoil'
'Биотопливо v.11.0.185', 200185, 'Lucoil'
'Биотопливо v.11.0.186', 200186, 'Lucoil'
'Биотопливо v.11.0.187', 200187, 'Lucoil'
'Биотопливо v.11.0.188', 200188, 'Lucoil'
'Биотопливо v.11.0.189', 200189, 'Lucoil'
'Биотопливо v.11.0.190', 200190, 'Lucoil'
'Биотопливо v.11.0.191', 200191, 'Lucoil'
'Биотопливо v.11.0.192', 200192, 'Lucoil'
'Биотопливо v.11.0.193', 200193, 'Lucoil'
'Биотопливо v.11.0.194', 200194, 'Lucoil'
'Биотопливо v.11.0.195', 200195, 'Lucoil'
'Биотопливо v.11.0.196', 200196, 'Lucoil'
'Биотопливо v.11.0.197', 200197, 'Lucoil'
'Биотопливо v.11.0.198', 200198, 'Lucoil'
'Биотопливо v.11.0.199', 200199, 'Lucoil'
'Биотопливо v.11.0.200', 200200, 'Lucoil'
'Биотопливо v.11.0.201', 200201, 'Lucoil'
'Биотопливо v.11.0.202', 200202, 'Lucoil'
'Биотопливо v.11.0.203', 200203, 'Lucoil'
'Биотопливо v.11.0.204', 200204, 'Lucoil'
'Биотопливо v.11.0.205', 200205, 'Lucoil'
'Биотопливо v.11.0.206', 200206, 'Lucoil'
'Биотопливо v.11.0.207', 200207, 'Lucoil'
'Биотопливо v.11.0.208', 200208, 'Lucoil'
'Биотопливо v.11.0.209', 200209, 'Lucoil'
'Биотопливо v.11.0.210', 200210, 'Lucoil'
'Биотопливо v.11.0.211', 200211, 'Lucoil'
'Биотопливо v.11.0.212', 200212, 'Lucoil'
'Биотопливо v.11.0.213', 200213, 'Lucoil'
'Биотопливо v.11.0.214', 200214, 'Lucoil'
'Биотопливо v.11.0.215', 200215, 'Lucoil'
'Биотопливо v.11.0.216', 200216, 'Lucoil'
'Биотопливо v.11.0.217', 200217, 'Lucoil'
'Биотопливо v.11.0.218', 200218, 'Lucoil'
'Биотопливо v.11.0.219', 200219, 'Lucoil'
'Биотопливо v.11.0.220', 200220, 'Lucoil'
'Биотопливо v.11.0.221', 200221, 'Lucoil'
'Биотопливо v.11.0.222', 200222, 'Lucoil'
'Биотопливо v.11.0.223', 200223, 'Lucoil'
'Биотопливо v.11.0.224', 200224, 'Lucoil'
'Биотопливо v.11.0.225', 200225, 'Lucoil'
'Биотопливо v.11.0.226', 200226, 'Lucoil'
'Биотопливо v.11.0.227', 200227, 'Lucoil'
'Биотопливо v.11.0.228', 200228, 'Lucoil'
'Биотопливо v.11.0.229', 200229, 'Lucoil'
'Биотопливо v.11.0.230', 200230, 'Lucoil'
'Биотопливо v.11.0.231', 200231, 'Lucoil'
'Биотопливо v.11.0.232', 200232, 'Lucoil'
'Биотопливо v.11.0.233', 200233, 'Lucoil'
'Биотопливо v.11.0.234', 200234, 'Lucoil'
'Биотопливо v.11.0.235', 200235, 'Lucoil'
'Биотопливо v.11.0.236', 200236, 'Lucoil'
'Биотопливо v.11.0.237', 200237, 'Lucoil'
'Биотопливо v.11.0.238', 200238, 'Lucoil'
'Биотопливо v.11.0.239', 200239, 'Lucoil'
'Биотопливо v.11.0.240', 200240, 'Lucoil'
'Биотопливо v.11.0.241', 200241, 'Lucoil'
'Биотопливо v.11.0.242', 200242, 'Lucoil'
'Биотопливо v.11.0.243', 200243, 'Lucoil'
'Биотопливо v.11.0.244', 200244, 'Lucoil'
'Биотопливо v.11.0.245', 200245, 'Lucoil'
'Биотопливо v.11.0.246', 200246, 'Lucoil'
'Биотопливо v.11.0.247', 200247, 'Lucoil'
'Биотопливо v.11.0.248', 200248, 'Lucoil'
'Биотопливо v.11.0.249', 200249, 'Lucoil'
'Биотопливо v.11.0.250', 200250, 'Lucoil'
'Биотопливо v.11.0.251', 200251, 'Lucoil'
'Биотопливо v.11.0.252', 200252, 'Lucoil'
'Биотопливо v.11.0.253', 200253, 'Lucoil'
'Биотопливо v.11.0.254', 200254, 'Lucoil'
'Биотопливо v.11.0.255', 200255, 'Lucoil'
'Биотопливо v.11.0.256', 200256, 'Lucoil'
'Биотопливо v.11.0.257', 200257, 'Lucoil'
'Биотопливо v.11.0.258', 200258, 'Lucoil'
'Биотопливо v.11.0.259', 200259, 'Lucoil'
'Биотопливо v.11.0.260', 200260, 'Lucoil'
'Биотопливо v.11.0.261', 200261, 'Lucoil'
'Биотопливо v.11.0.262', 200262, 'Lucoil'
'Биотопливо v.11.0.263', 200263, 'Lucoil'
'Биотопливо v.11.0.264', 200264, 'Lucoil'
'Биотопливо v.11.0.265', 200265, 'Lucoil'
'Биотопливо v.11.0.266', 200266, 'Lucoil'
'Биотопливо v.11.0.267', 200267, 'Lucoil'
'Биотопливо v.11.0.268', 200268, 'Lucoil'
'Биотопливо v.11.0.269', 200269, 'Lucoil'
'Биотопливо v.11.0.270', 200270, 'Lucoil'
'Биотопливо v.11.0.271', 200271, 'Lucoil'
'Биотопливо v.11.0.272', 200272, 'Lucoil'
'Биотопливо v.11.0.273', 200273, 'Lucoil'
'Биотопливо v.11.0.274', 200274, 'Lucoil'
'Биотопливо v.11.0.275', 200275, 'Lucoil'
'Биотопливо v.11.0.276', 200276, 'Lucoil'
'Биотопливо v.11.0.277', 200277, 'Lucoil'
'Биотопливо v.11.0.278', 200278, 'Lucoil'
'Биотопливо v.11.0.279', 200279, 'Lucoil'
'Биотопливо v.11.0.280', 200280, 'Lucoil'
'Биотопливо v.11.0.281', 200281, 'Lucoil'
'Биотопливо v.11.0.282', 200282, 'Lucoil'
'Биотопливо v.11.0.283', 200283, 'Lucoil'
'Биотопливо v.11.0.284', 200284, 'Lucoil'
'Биотопливо v.11.0.285', 200285, 'Lucoil'
'Биотопливо v.11.0.286', 200286, 'Lucoil'
'Биотопливо v.11.0.287', 200287, 'Lucoil'
'Биотопливо v.11.0.288', 200288, 'Lucoil'
'Биотопливо v.11.0.289', 200289, 'Lucoil'
'Биотопливо v.11.0.290', 200290, 'Lucoil'
'Биотопливо v.11.0.291', 200291, 'Lucoil'
'Биотопливо v.11.0.292', 200292, 'Lucoil'
'Биотопливо v.11.0.293', 200293, 'Lucoil'
'Биотопливо v.11.0.294', 200294, 'Lucoil'
'Биотопливо v.11.0.295', 200295, 'Lucoil'
'Биотопливо v.11.0.296', 200296, 'Lucoil'
'Биотопливо v.11.0.297', 200297, 'Lucoil'
'Биотопливо v.11.0.298', 200298, 'Lucoil'
'Биотопливо v.11.0.299', 200299, 'Lucoil'
'Биотопливо v.11.0.300', 200300, 'Lucoil'
'Биотопливо v.11.0.301', 200301, 'Lucoil'
'Биотопливо v.11.0.302', 200302, 'Lucoil'
'Биотопливо v.11.0.303', 200303, 'Lucoil'
'Биотопливо v.11.0.304', 200304, 'Lucoil'
'Биотопливо v.11.0.305', 200305, 'Lucoil'
'Биотопливо v.11.0.306', 200306, 'Lucoil'
'Биотопливо v.11.0.307', 200307, 'Lucoil'
'Биотопливо v.11.0.308', 200308, 'Lucoil'
'Биотопливо v.11.0.309', 200309, 'Lucoil'
'Биотопливо v.11.0.310', 200310, 'Lucoil'
'Биотопливо v.11.0.311', 200311, 'Lucoil'
'Биотопливо v.11.0.312', 200312, 'Lucoil'
'Биотопливо v.11.0.313', 200313, 'Lucoil'
'Биотопливо v.11.0.314', 200314, 'Lucoil'
'Биотопливо v.11.0.315', 200315, 'Lucoil'
'Биотопливо v.11.0.316', 200316, 'Lucoil'
'Биотопливо v.11.0.317', 200317, 'Lucoil'
'Биотопливо v.11.0.318', 200318, 'Lucoil'
'Биотопливо v.11.0.319', 200319, 'Lucoil'
'Биотопливо v.11.0.320', 200320, 'Lucoil'
'Биотопливо v.11.0.321', 200321, 'Lucoil'
'Биотопливо v.11.0.322', 200322, 'Lucoil'
'Биотопливо v.11.0.323', 200323, 'Lucoil'
'Биотопливо v.11.0.324', 200324, 'Lucoil'
'Биотопливо v.11.0.325', 200325, 'Lucoil'
'Биотопливо v.11.0.326', 200326, 'Lucoil'
'Биотопливо v.11.0.327', 200327, 'Lucoil'
'Биотопливо v.11.0.328', 200328, 'Lucoil'
'Биотопливо v.11.0.329', 200329, 'Lucoil'
'Биотопливо v.11.0.330', 200330, 'Lucoil'
'Биотопливо v.11.0.331', 200331, 'Lucoil'
'Биотопливо v.11.0.332', 200332, 'Lucoil'
'Биотопливо v.11.0.333', 200333, 'Lucoil'
'Биотопливо v.11.0.334', 200334, 'Lucoil'
'Биотопливо v.11.0.335', 200335, 'Lucoil'
'Биотопливо v.11.0.336', 200336, 'Lucoil'
'Биотопливо v.11.0.337', 200337, 'Lucoil'
'Биотопливо v.11.0.338', 200338, 'Lucoil'
'Биотопливо v.11.0.339', 200339, 'Lucoil'
'Биотопливо v.11.0.340', 200340, 'Lucoil'
'Биотопливо v.11.0.341', 200341, 'Lucoil'
'Биотопливо v.11.0.342', 200342, 'Lucoil'
'Биотопливо v.11.0.343', 200343, 'Lucoil'
'Биотопливо v.11.0.344', 200344, 'Lucoil'
'Биотопливо v.11.0.345', 200345, 'Lucoil'
'Биотопливо v.11.0.346', 200346, 'Lucoil'
'Биотопливо v.11.0.347', 200347, 'Lucoil'
'Биотопливо v.11.0.348', 200348, 'Lucoil'
'Биотопливо v.11.0.349', 200349, 'Lucoil'
'Биотопливо v.11.0.350', 200350, 'Lucoil'
'Биотопливо v.11.0.351', 200351, 'Lucoil'
'Биотопливо v.11.0.352', 200352, 'Lucoil'
'Биотопливо v.11.0.353', 200353, 'Lucoil'
'Биотопливо v.11.0.354', 200354, 'Lucoil'
'Биотопливо v.11.0.355', 200355, 'Lucoil'
'Биотопливо v.11.0.356', 200356, 'Lucoil'
'Биотопливо v.11.0.357', 200357, 'Lucoil'
'Биотопливо v.11.0.358', 200358, 'Lucoil'
'Биотопливо v.11.0.359', 200359, 'Lucoil'
'Биотопливо v.11.0.360', 200360, 'Lucoil'
'Биотопливо v.11.0.361', 200361, 'Lucoil'
'Биотопливо v.11.0.362', 200362, 'Lucoil'
'Биотопливо v.11.0.363', 200363, 'Lucoil'
'Биотопливо v.11.0.364', 200364, 'Lucoil'
'Биотопливо v.11.0.365', 200365, 'Lucoil'
'Биотопливо v.11.0.366', 200366, 'Lucoil'
'Биотопливо v.11.0.367', 200367, 'Lucoil'
'Биотопливо v.11.0.368', 200368, 'Lucoil'
'Биотопливо v.11.0.369', 200369, 'Lucoil'
'Биотопливо v.11.0.370', 200370, 'Lucoil'
'Биотопливо v.11.0.371', 200371, 'Lucoil'
'Биотопливо v.11.0.372', 200372, 'Lucoil'
'Биотопливо v.11.0.373', 200373, 'Lucoil'
'Биотопливо v.11.0.374', 200374, 'Lucoil'
'Биотопливо v.11.0.375', 200375, 'Lucoil'
'Биотопливо v.11.0.376', 200376, 'Lucoil'
'Биотопливо v.11.0.377', 200377, 'Lucoil'
'Биотопливо v.11.0.378', 200378, 'Lucoil'
'Биотопливо v.11.0.379', 200379, 'Lucoil'
'Биотопливо v.11.0.380', 200380, 'Lucoil'
'Биотопливо v.11.0.381', 200381, 'Lucoil'
'Биотопливо v.11.0.382', 200382, 'Lucoil'
'Биотопливо v.11.0.383', 200383, 'Lucoil'
'Биотопливо v.11.0.384', 200384, 'Lucoil'
'Биотопливо v.11.0.385', 200385, 'Lucoil'
'Биотопливо v.11.0.386', 200386, 'Lucoil'
'Биотопливо v.11.0.387', 200387, 'Lucoil'
'Биотопливо v.11.0.388', 200388, 'Lucoil'
'Биотопливо v.11.0.389', 200389, 'Lucoil'
'Биотопливо v.11.0.390', 200390, 'Lucoil'
'Биотопливо v.11.0.391', 200391, 'Lucoil'
'Биотопливо v.11.0.392', 200392, 'Lucoil'
'Биотопливо v.11.0.393', 200393, 'Lucoil'
'Биотопливо v.11.0.394', 200394, 'Lucoil'
'Биотопливо v.11.0.395', 200395, 'Lucoil'
'Биотопливо v.11.0.396', 200396, 'Lucoil'
'Биотопливо v.11.0.397', 200397, 'Lucoil'
'Биотопливо v.11.0.398', 200398, 'Lucoil'
'Биотопливо v.11.0.399', 200399, 'Lucoil'
'Биотопливо v.11.0.400', 200400, 'Lucoil'
'Биотопливо v.11.0.401', 200401, 'Lucoil'
'Биотопливо v.11.0.402', 200402, 'Lucoil'
'Биотопливо v.11.0.403', 200403, 'Lucoil'
'Биотопливо v.11.0.404', 200404, 'Lucoil'
'Биотопливо v.11.0.405', 200405, 'Lucoil'
'Биотопливо v.11.0.406', 200406, 'Lucoil'
'Биотопливо v.11.0.407', 200407, 'Lucoil'
'Биотопливо v.11.0.408', 200408, 'Lucoil'
'Биотопливо v.11.0.409', 200409, 'Lucoil'
'Биотопливо v.11.0.410', 200410, 'Lucoil'
'Биотопливо v.11.0.411', 200411, 'Lucoil'
'Биотопливо v.11.0.412', 200412, 'Lucoil'
'Биотопливо v.11.0.413', 200413, 'Lucoil'
'Биотопливо v.11.0.414', 200414, 'Lucoil'
'Биотопливо v.11.0.415', 200415, 'Lucoil'
'Биотопливо v.11.0.416', 200416, 'Lucoil'
'Биотопливо v.11.0.417', 200417, 'Lucoil'
'Биотопливо v.11.0.418', 200418, 'Lucoil'
'Биотопливо v.11.0.419', 200419, 'Lucoil'
'Биотопливо v.11.0.420', 200420, 'Lucoil'
'Биотопливо v.11.0.421', 200421, 'Lucoil'
'Биотопливо v.11.0.422', 200422, 'Lucoil'
'Биотопливо v.11.0.423', 200423, 'Lucoil'
'Биотопливо v.11.0.424', 200424, 'Lucoil'
'Биотопливо v.11.0.425', 200425, 'Lucoil'
'Биотопливо v.11.0.426', 200426, 'Lucoil'
'Биотопливо v.11.0.427', 200427, 'Lucoil'
'Биотопливо v.11.0.428', 200428, 'Lucoil'
'Биотопливо v.11.0.429', 200429, 'Lucoil'
'Биотопливо v.11.0.430', 200430, 'Lucoil'
'Биотопливо v.11.0.431', 200431, 'Lucoil'
'Биотопливо v.11.0.432', 200432, 'Lucoil'
'Биотопливо v.11.0.433', 200433, 'Lucoil'
'Биотопливо v.11.0.434', 200434, 'Lucoil'
'Биотопливо v.11.0.435', 200435, 'Lucoil'
'Биотопливо v.11.0.436', 200436, 'Lucoil'
'Биотопливо v.11.0.437', 200437, 'Lucoil'
'Биотопливо v.11.0.438', 200438, 'Lucoil'
'Биотопливо v.11.0.439', 200439, 'Lucoil'
'Биотопливо v.11.0.440', 200440, 'Lucoil'
'Биотопливо v.11.0.441', 200441, 'Lucoil'
'Биотопливо v.11.0.442', 200442, 'Lucoil'
'Биотопливо v.11.0.443', 200443, 'Lucoil'
'Биотопливо v.11.0.444', 200444, 'Lucoil'
'Биотопливо v.11.0.445', 200445, 'Lucoil'
'Биотопливо v.11.0.446', 200446, 'Lucoil'
'Биотопливо v.11.0.447', 200447, 'Lucoil'
'Биотопливо v.11.0.448', 200448, 'Lucoil'
'Биотопливо v.11.0.449', 200449, 'Lucoil'
'Биотопливо v.11.0.450', 200450, 'Lucoil'
'Биотопливо v.11.0.451', 200451, 'Lucoil'
'Биотопливо v.11.0.452', 200452, 'Lucoil'
'Биотопливо v.11.0.453', 200453, 'Lucoil'
'Биотопливо v.11.0.454', 200454, 'Lucoil'
'Биотопливо v.11.0.455', 200455, 'Lucoil'
'Биотопливо v.11.0.456', 200456, 'Lucoil'
'Биотопливо v.11.0.457', 200457, 'Lucoil'
'Биотопливо v.11.0.458', 200458, 'Lucoil'
'Биотопливо v.11.0.459', 200459, 'Lucoil'
'Биотопливо v.11.0.460', 200460, 'Lucoil'
'Биотопливо v.11.0.461', 200461, 'Lucoil'
'Биотопливо v.11.0.462', 200462, 'Lucoil'
'Биотопливо v.11.0.463', 200463, 'Lucoil'
'Биотопливо v.11.0.464', 200464, 'Lucoil'
'Биотопливо v.11.0.465', 200465, 'Lucoil'
'Биотопливо v.11.0.466', 200466, 'Lucoil'
'Биотопливо v.11.0.467', 200467, 'Lucoil'
'Биотопливо v.11.0.468', 200468, 'Lucoil'
'Биотопливо v.11.0.469', 200469, 'Lucoil'
'Биотопливо v.11.0.470', 200470, 'Lucoil'
'Биотопливо v.11.0.471', 200471, 'Lucoil'
'Биотопливо v.11.0.472', 200472, 'Lucoil'
'Биотопливо v.11.0.473', 200473, 'Lucoil'
'Биотопливо v.11.0.474', 200474, 'Lucoil'
'Биотопливо v.11.0.475', 200475, 'Lucoil'
'Биотопливо v.11.0.476', 200476, 'Lucoil'
'Биотопливо v.11.0.477', 200477, 'Lucoil'
'Биотопливо v.11.0.478', 200478, 'Lucoil'
'Биотопливо v.11.0.479', 200479, 'Lucoil'
'Биотопливо v.11.0.480', 200480, 'Lucoil'
'Биотопливо v.11.0.481', 200481, 'Lucoil'
'Биотопливо v.11.0.482', 200482, 'Lucoil'
'Биотопливо v.11.0.483', 200483, 'Lucoil'
'Биотопливо v.11.0.484', 200484, 'Lucoil'
'Биотопливо v.11.0.485', 200485, 'Lucoil'
'Биотопливо v.11.0.486', 200486, 'Lucoil'
'Биотопливо v.11.0.487', 200487, 'Lucoil'
'Биотопливо v.11.0.488', 200488, 'Lucoil'
'Биотопливо v.11.0.489', 200489, 'Lucoil'
'Биотопливо v.11.0.490', 200490, 'Lucoil'
'Биотопливо v.11.0.491', 200491, 'Lucoil'
'Биотопливо v.11.0.492', 200492, 'Lucoil'
'Биотопливо v.11.0.493', 200493, 'Lucoil'
'Биотопливо v.11.0.494', 200494, 'Lucoil'
'Биотопливо v.11.0.495', 200495, 'Lucoil'
'Биотопливо v.11.0.496', 200496, 'Lucoil'
'Биотопливо v.11.0.497', 200497, 'Lucoil'
'Биотопливо v.11.0.498', 200498, 'Lucoil'
'Биотопливо v.11.0.499', 200499, 'Lucoil'
'Биотопливо v.11.0.500', 200500, 'Lucoil'
'Биотопливо v.11.0.501', 200501, 'Lucoil'
'Биотопливо v.11.0.502', 200502, 'Lucoil'
'Биотопливо v.11.0.503', 200503, 'Lucoil'
'Биотопливо v.11.0.504', 200504, 'Lucoil'
'Биотопливо v.11.0.505', 200505, 'Lucoil'
'Биотопливо v.11.0.506', 200506, 'Lucoil'
'Биотопливо v.11.0.507', 200507, 'Lucoil'
'Биотопливо v.11.0.508', 200508, 'Lucoil'
'Биотопливо v.11.0.509', 200509, 'Lucoil'
'Биотопливо v.11.0.510', 200510, 'Lucoil'
'Биотопливо v.11.0.511', 200511, 'Lucoil'
'Биотопливо v.11.0.512', 200512, 'Lucoil'
'Биотопливо v.11.0.513', 200513, 'Lucoil'
'Биотопливо v.11.0.514', 200514, 'Lucoil'
'Биотопливо v.11.0.515', 200515, 'Lucoil'
'Биотопливо v.11.0.516', 200516, 'Lucoil'
'Биотопливо v.11.0.517', 200517, 'Lucoil'
'Биотопливо v.11.0.518', 200518, 'Lucoil'
'Биотопливо v.11.0.519', 200519, 'Lucoil'
'Биотопливо v.11.0.520', 200520, 'Lucoil'
'Биотопливо v.11.0.521', 200521, 'Lucoil'
'Биотопливо v.11.0.522', 200522, 'Lucoil'
'Биотопливо v.11.0.523', 200523, 'Lucoil'
'Биотопливо v.11.0.524', 200524, 'Lucoil'
'Биотопливо v.11.0.525', 200525, 'Lucoil'
'Биотопливо v.11.0.526', 200526, 'Lucoil'
'Биотопливо v.11.0.527', 200527, 'Lucoil'
'Биотопливо v.11.0.528', 200528, 'Lucoil'
'Биотопливо v.11.0.529', 200529, 'Lucoil'
'Биотопливо v.11.0.530', 200530, 'Lucoil'
'Биотопливо v.11.0.531', 200531, 'Lucoil'
'Биотопливо v.11.0.532', 200532, 'Lucoil'
'Биотопливо v.11.0.533', 200533, 'Lucoil'
'Биотопливо v.11.0.534', 200534, 'Lucoil'
'Биотопливо v.11.0.535', 200535, 'Lucoil'
'Биотопливо v.11.0.536', 200536, 'Lucoil'
'Биотопливо v.11.0.537', 200537, 'Lucoil'
'Биотопливо v.11.0.538', 200538, 'Lucoil'
'Биотопливо v.11.0.539', 200539, 'Lucoil'
'Биотопливо v.11.0.540', 200540, 'Lucoil'
'Биотопливо v.11.0.541', 200541, 'Lucoil'
'Биотопливо v.11.0.542', 200542, 'Lucoil'
'Биотопливо v.11.0.543', 200543, 'Lucoil'
'Биотопливо v.11.0.544', 200544, 'Lucoil'
'Биотопливо v.11.0.545', 200545, 'Lucoil'
'Биотопливо v.11.0.546', 200546, 'Lucoil'
'Биотопливо v.11.0.547', 200547, 'Lucoil'
'Биотопливо v.11.0.548', 200548, 'Lucoil'
'Биотопливо v.11.0.549', 200549, 'Lucoil'
'Биотопливо v.11.0.550', 200550, 'Lucoil'
'Биотопливо v.11.0.551', 200551, 'Lucoil'
'Биотопливо v.11.0.552', 200552, 'Lucoil'
'Биотопливо v.11.0.553', 200553, 'Lucoil'
'Биотопливо v.11.0.554', 200554, 'Lucoil'
'Биотопливо v.11.0.555', 200555, 'Lucoil'
'Биотопливо v.11.0.556', 200556, 'Lucoil'
'Биотопливо v.11.0.557', 200557, 'Lucoil'
'Биотопливо v.11.0.558', 200558, 'Lucoil'
'Биотопливо v.11.0.559', 200559, 'Lucoil'
'Биотопливо v.11.0.560', 200560, 'Lucoil'
'Биотопливо v.11.0.561', 200561, 'Lucoil'
'Биотопливо v.11.0.562', 200562, 'Lucoil'
'Биотопливо v.11.0.563', 200563, 'Lucoil'
'Биотопливо v.11.0.564', 200564, 'Lucoil'
'Биотопливо v.11.0.565', 200565, 'Lucoil'
'Биотопливо v.11.0.566', 200566, 'Lucoil'
'Биотопливо v.11.0.567', 200567, 'Lucoil'
'Биотопливо v.11.0.568', 200568, 'Lucoil'
'Биотопливо v.11.0.569', 200569, 'Lucoil'
'Биотопливо v.11.0.570', 200570, 'Lucoil'
'Биотопливо v.11.0.571', 200571, 'Lucoil'
'Биотопливо v.11.0.572', 200572, 'Lucoil'
'Биотопливо v.11.0.573', 200573, 'Lucoil'
'Биотопливо v.11.0.574', 200574, 'Lucoil'
'Биотопливо v.11.0.575', 200575, 'Lucoil'
'Биотопливо v.11.0.576', 200576, 'Lucoil'
'Биотопливо v.11.0.577', 200577, 'Lucoil'
'Биотопливо v.11.0.578', 200578, 'Lucoil'
'Биотопливо v.11.0.579', 200579, 'Lucoil'
'Биотопливо v.11.0.580', 200580, 'Lucoil'
'Биотопливо v.11.0.581', 200581, 'Lucoil'
'Биотопливо v.11.0.582', 200582, 'Lucoil'
'Биотопливо v.11.0.583', 200583, 'Lucoil'
'Биотопливо v.11.0.584', 200584, 'Lucoil'
'Биотопливо v.11.0.585', 200585, 'Lucoil'
'Биотопливо v.11.0.586', 200586, 'Lucoil'
'Биотопливо v.11.0.587', 200587, 'Lucoil'
'Биотопливо v.11.0.588', 200588, 'Lucoil'
'Биотопливо v.11.0.589', 200589, 'Lucoil'
'Биотопливо v.11.0.590', 200590, 'Lucoil'
'Биотопливо v.11.0.591', 200591, 'Lucoil'
'Биотопливо v.11.0.592', 200592, 'Lucoil'
'Биотопливо v.11.0.593', 200593, 'Lucoil'
'Биотопливо v.11.0.594', 200594, 'Lucoil'
'Биотопливо v.11.0.595', 200595, 'Lucoil'
'Биотопливо v.11.0.596', 200596, 'Lucoil'
'Биотопливо v.11.0.597', 200597, 'Lucoil'
'Биотопливо v.11.0.598', 200598, 'Lucoil'
'Биотопливо v.11.0.599', 200599, 'Lucoil'
'Биотопливо v.11.0.600', 200600, 'Lucoil'
'Биотопливо v.11.0.601', 200601, 'Lucoil'
'Биотопливо v.11.0.602', 200602, 'Lucoil'
'Биотопливо v.11.0.603', 200603, 'Lucoil'
'Биотопливо v.11.0.604', 200604, 'Lucoil'
'Биотопливо v.11.0.605', 200605, 'Lucoil'
'Биотопливо v.11.0.606', 200606, 'Lucoil'
'Биотопливо v.11.0.607', 200607, 'Lucoil'
'Биотопливо v.11.0.608', 200608, 'Lucoil'
'Биотопливо v.11.0.609', 200609, 'Lucoil'
'Биотопливо v.11.0.610', 200610, 'Lucoil'
'Биотопливо v.11.0.611', 200611, 'Lucoil'
'Биотопливо v.11.0.612', 200612, 'Lucoil'
'Биотопливо v.11.0.613', 200613, 'Lucoil'
'Биотопливо v.11.0.614', 200614, 'Lucoil'
'Биотопливо v.11.0.615', 200615, 'Lucoil'
'Биотопливо v.11.0.616', 200616, 'Lucoil'
'Биотопливо v.11.0.617', 200617, 'Lucoil'
'Биотопливо v.11.0.618', 200618, 'Lucoil'
'Биотопливо v.11.0.619', 200619, 'Lucoil'
'Биотопливо v.11.0.620', 200620, 'Lucoil'
'Биотопливо v.11.0.621', 200621, 'Lucoil'
'Биотопливо v.11.0.622', 200622, 'Lucoil'
'Биотопливо v.11.0.623', 200623, 'Lucoil'
'Биотопливо v.11.0.624', 200624, 'Lucoil'
'Биотопливо v.11.0.625', 200625, 'Lucoil'
'Биотопливо v.11.0.626', 200626, 'Lucoil'
'Биотопливо v.11.0.627', 200627, 'Lucoil'
'Биотопливо v.11.0.628', 200628, 'Lucoil'
'Биотопливо v.11.0.629', 200629, 'Lucoil'
'Биотопливо v.11.0.630', 200630, 'Lucoil'
'Биотопливо v.11.0.631', 200631, 'Lucoil'
'Биотопливо v.11.0.632', 200632, 'Lucoil'
'Биотопливо v.11.0.633', 200633, 'Lucoil'
'Биотопливо v.11.0.634', 200634, 'Lucoil'
'Биотопливо v.11.0.635', 200635, 'Lucoil'
'Биотопливо v.11.0.636', 200636, 'Lucoil'
'Биотопливо v.11.0.637', 200637, 'Lucoil'
'Биотопливо v.11.0.638', 200638, 'Lucoil'
'Биотопливо v.11.0.639', 200639, 'Lucoil'
'Биотопливо v.11.0.640', 200640, 'Lucoil'
'Биотопливо v.11.0.641', 200641, 'Lucoil'
'Биотопливо v.11.0.642', 200642, 'Lucoil'
'Биотопливо v.11.0.643', 200643, 'Lucoil'
'Биотопливо v.11.0.644', 200644, 'Lucoil'
'Биотопливо v.11.0.645', 200645, 'Lucoil'
'Биотопливо v.11.0.646', 200646, 'Lucoil'
'Биотопливо v.11.0.647', 200647, 'Lucoil'
'Биотопливо v.11.0.648', 200648, 'Lucoil'
'Биотопливо v.11.0.649', 200649, 'Lucoil'
'Биотопливо v.11.0.650', 200650, 'Lucoil'
'Биотопливо v.11.0.651', 200651, 'Lucoil'
'Биотопливо v.11.0.652', 200652, 'Lucoil'
'Биотопливо v.11.0.653', 200653, 'Lucoil'
'Биотопливо v.11.0.654', 200654, 'Lucoil'
'Биотопливо v.11.0.655', 200655, 'Lucoil'
'Биотопливо v.11.0.656', 200656, 'Lucoil'
'Биотопливо v.11.0.657', 200657, 'Lucoil'
'Биотопливо v.11.0.658', 200658, 'Lucoil'
'Биотопливо v.11.0.659', 200659, 'Lucoil'
'Биотопливо v.11.0.660', 200660, 'Lucoil'
'Биотопливо v.11.0.661', 200661, 'Lucoil'
'Биотопливо v.11.0.662', 200662, 'Lucoil'
'Биотопливо v.11.0.663', 200663, 'Lucoil'
'Биотопливо v.11.0.664', 200664, 'Lucoil'
'Биотопливо v.11.0.665', 200665, 'Lucoil'
'Биотопливо v.11.0.666', 200666, 'Lucoil'
'Биотопливо v.11.0.667', 200667, 'Lucoil'
'Биотопливо v.11.0.668', 200668, 'Lucoil'
'Биотопливо v.11.0.669', 200669, 'Lucoil'
'Биотопливо v.11.0.670', 200670, 'Lucoil'
'Биотопливо v.11.0.671', 200671, 'Lucoil'
'Биотопливо v.11.0.672', 200672, 'Lucoil'
'Биотопливо v.11.0.673', 200673, 'Lucoil'
'Биотопливо v.11.0.674', 200674, 'Lucoil'
'Биотопливо v.11.0.675', 200675, 'Lucoil'
'Биотопливо v.11.0.676', 200676, 'Lucoil'
'Биотопливо v.11.0.677', 200677, 'Lucoil'
'Биотопливо v.11.0.678', 200678, 'Lucoil'
'Биотопливо v.11.0.679', 200679, 'Lucoil'
'Биотопливо v.11.0.680', 200680, 'Lucoil'
'Биотопливо v.11.0.681', 200681, 'Lucoil'
'Биотопливо v.11.0.682', 200682, 'Lucoil'
'Биотопливо v.11.0.683', 200683, 'Lucoil'
'Биотопливо v.11.0.684', 200684, 'Lucoil'
'Биотопливо v.11.0.685', 200685, 'Lucoil'
'Биотопливо v.11.0.686', 200686, 'Lucoil'
'Биотопливо v.11.0.687', 200687, 'Lucoil'
'Биотопливо v.11.0.688', 200688, 'Lucoil'
'Биотопливо v.11.0.689', 200689, 'Lucoil'
'Биотопливо v.11.0.690', 200690, 'Lucoil'
'Биотопливо v.11.0.691', 200691, 'Lucoil'
'Биотопливо v.11.0.692', 200692, 'Lucoil'
'Биотопливо v.11.0.693', 200693, 'Lucoil'
'Биотопливо v.11.0.694', 200694, 'Lucoil'
'Биотопливо v.11.0.695', 200695, 'Lucoil'
'Биотопливо v.11.0.696', 200696, 'Lucoil'
'Биотопливо v.11.0.697', 200697, 'Lucoil'
'Биотопливо v.11.0.698', 200698, 'Lucoil'
'Биотопливо v.11.0.699', 200699, 'Lucoil'
'Биотопливо v.11.0.700', 200700, 'Lucoil'
'Биотопливо v.11.0.701', 200701, 'Lucoil'
'Биотопливо v.11.0.702', 200702, 'Lucoil'
'Биотопливо v.11.0.703', 200703, 'Lucoil'
'Биотопливо v.11.0.704', 200704, 'Lucoil'
'Биотопливо v.11.0.705', 200705, 'Lucoil'
'Биотопливо v.11.0.706', 200706, 'Lucoil'
'Биотопливо v.11.0.707', 200707, 'Lucoil'
'Биотопливо v.11.0.708', 200708, 'Lucoil'
'Биотопливо v.11.0.709', 200709, 'Lucoil'
'Биотопливо v.11.0.710', 200710, 'Lucoil'
'Биотопливо v.11.0.711', 200711, 'Lucoil'
'Биотопливо v.11.0.712', 200712, 'Lucoil'
'Биотопливо v.11.0.713', 200713, 'Lucoil'
'Биотопливо v.11.0.714', 200714, 'Lucoil'
'Биотопливо v.11.0.715', 200715, 'Lucoil'
'Биотопливо v.11.0.716', 200716, 'Lucoil'
'Биотопливо v.11.0.717', 200717, 'Lucoil'
'Биотопливо v.11.0.718', 200718, 'Lucoil'
'Биотопливо v.11.0.719', 200719, 'Lucoil'
'Биотопливо v.11.0.720', 200720, 'Lucoil'
'Биотопливо v.11.0.721', 200721, 'Lucoil'
'Биотопливо v.11.0.722', 200722, 'Lucoil'
'Биотопливо v.11.0.723', 200723, 'Lucoil'
'Биотопливо v.11.0.724', 200724, 'Lucoil'
'Биотопливо v.11.0.725', 200725, 'Lucoil'
'Биотопливо v.11.0.726', 200726, 'Lucoil'
'Биотопливо v.11.0.727', 200727, 'Lucoil'
'Биотопливо v.11.0.728', 200728, 'Lucoil'
'Биотопливо v.11.0.729', 200729, 'Lucoil'
'Биотопливо v.11.0.730', 200730, 'Lucoil'
'Биотопливо v.11.0.731', 200731, 'Lucoil'
'Биотопливо v.11.0.732', 200732, 'Lucoil'
'Биотопливо v.11.0.733', 200733, 'Lucoil'
'Биотопливо v.11.0.734', 200734, 'Lucoil'
'Биотопливо v.11.0.735', 200735, 'Lucoil'
'Биотопливо v.11.0.736', 200736, 'Lucoil'
'Биотопливо v.11.0.737', 200737, 'Lucoil'
'Биотопливо v.11.0.738', 200738, 'Lucoil'
'Биотопливо v.11.0.739', 200739, 'Lucoil'
'Биотопливо v.11.0.740', 200740, 'Lucoil'
'Биотопливо v.11.0.741', 200741, 'Lucoil'
'Биотопливо v.11.0.742', 200742, 'Lucoil'
'Биотопливо v.11.0.743', 200743, 'Lucoil'
'Биотопливо v.11.0.744', 200744, 'Lucoil'
'Биотопливо v.11.0.745', 200745, 'Lucoil'
'Биотопливо v.11.0.746', 200746, 'Lucoil'
'Биотопливо v.11.0.747', 200747, 'Lucoil'
'Биотопливо v.11.0.748', 200748, 'Lucoil'
'Биотопливо v.11.0.749', 200749, 'Lucoil'
'Биотопливо v.11.0.750', 200750, 'Lucoil'
'Биотопливо v.11.0.751', 200751, 'Lucoil'
'Биотопливо v.11.0.752', 200752, 'Lucoil'
'Биотопливо v.11.0.753', 200753, 'Lucoil'
'Биотопливо v.11.0.754', 200754, 'Lucoil'
'Биотопливо v.11.0.755', 200755, 'Lucoil'
'Биотопливо v.11.0.756', 200756, 'Lucoil'
'Биотопливо v.11.0.757', 200757, 'Lucoil'
'Биотопливо v.11.0.758', 200758, 'Lucoil'
'Биотопливо v.11.0.759', 200759, 'Lucoil'
'Биотопливо v.11.0.760', 200760, 'Lucoil'
'Биотопливо v.11.0.761', 200761, 'Lucoil'
'Биотопливо v.11.0.762', 200762, 'Lucoil'
'Биотопливо v.11.0.763', 200763, 'Lucoil'
'Биотопливо v.11.0.764', 200764, 'Lucoil'
'Биотопливо v.11.0.765', 200765, 'Lucoil'
'Биотопливо v.11.0.766', 200766, 'Lucoil'
'Биотопливо v.11.0.767', 200767, 'Lucoil'
'Биотопливо v.11.0.768', 200768, 'Lucoil'
'Биотопливо v.11.0.769', 200769, 'Lucoil'
'Биотопливо v.11.0.770', 200770, 'Lucoil'
'Биотопливо v.11.0.771', 200771, 'Lucoil'
'Биотопливо v.11.0.772', 200772, 'Lucoil'
'Биотопливо v.11.0.773', 200773, 'Lucoil'
'Биотопливо v.11.0.774', 200774, 'Lucoil'
'Биотопливо v.11.0.775', 200775, 'Lucoil'
'Биотопливо v.11.0.776', 200776, 'Lucoil'
'Биотопливо v.11.0.777', 200777, 'Lucoil'
'Биотопливо v.11.0.778', 200778, 'Lucoil'
'Биотопливо v.11.0.779', 200779, 'Lucoil'
'Биотопливо v.11.0.780', 200780, 'Lucoil'
'Биотопливо v.11.0.781', 200781, 'Lucoil'
'Биотопливо v.11.0.782', 200782, 'Lucoil'
'Биотопливо v.11.0.783', 200783, 'Lucoil'
'Биотопливо v.11.0.784', 200784, 'Lucoil'
'Биотопливо v.11.0.785', 200785, 'Lucoil'
'Биотопливо v.11.0.786', 200786, 'Lucoil'
'Биотопливо v.11.0.787', 200787, 'Lucoil'
'Биотопливо v.11.0.788', 200788, 'Lucoil'
'Биотопливо v.11.0.789', 200789, 'Lucoil'
'Биотопливо v.11.0.790', 200790, 'Lucoil'
'Биотопливо v.11.0.791', 200791, 'Lucoil'
'Биотопливо v.11.0.792', 200792, 'Lucoil'
'Биотопливо v.11.0.793', 200793, 'Lucoil'
'Биотопливо v.11.0.794', 200794, 'Lucoil'
'Биотопливо v.11.0.795', 200795, 'Lucoil'
'Биотопливо v.11.0.796', 200796, 'Lucoil'
'Биотопливо v.11.0.797', 200797, 'Lucoil'
'Биотопливо v.11.0.798', 200798, 'Lucoil'
'Биотопливо v.11.0.799', 200799, 'Lucoil'
'Биотопливо v.11.0.800', 200800, 'Lucoil'
'Биотопливо v.11.0.801', 200801, 'Lucoil'
'Биотопливо v.11.0.802', 200802, 'Lucoil'
'Биотопливо v.11.0.803', 200803, 'Lucoil'
'Биотопливо v.11.0.804', 200804, 'Lucoil'
'Биотопливо v.11.0.805', 200805, 'Lucoil'
'Биотопливо v.11.0.806', 200806, 'Lucoil'
'Биотопливо v.11.0.807', 200807, 'Lucoil'
'Биотопливо v.11.0.808', 200808, 'Lucoil'
'Биотопливо v.11.0.809', 200809, 'Lucoil'
'Биотопливо v.11.0.810', 200810, 'Lucoil'
'Биотопливо v.11.0.811', 200811, 'Lucoil'
'Биотопливо v.11.0.812', 200812, 'Lucoil'
'Биотопливо v.11.0.813', 200813, 'Lucoil'
'Биотопливо v.11.0.814', 200814, 'Lucoil'
'Биотопливо v.11.0.815', 200815, 'Lucoil'
'Биотопливо v.11.0.816', 200816, 'Lucoil'
'Биотопливо v.11.0.817', 200817, 'Lucoil'
'Биотопливо v.11.0.818', 200818, 'Lucoil'
'Биотопливо v.11.0.819', 200819, 'Lucoil'
'Биотопливо v.11.0.820', 200820, 'Lucoil'
'Биотопливо v.11.0.821', 200821, 'Lucoil'
'Биотопливо v.11.0.822', 200822, 'Lucoil'
'Биотопливо v.11.0.823', 200823, 'Lucoil'
'Биотопливо v.11.0.824', 200824, 'Lucoil'
'Биотопливо v.11.0.825', 200825, 'Lucoil'
'Биотопливо v.11.0.826', 200826, 'Lucoil'
'Биотопливо v.11.0.827', 200827, 'Lucoil'
'Биотопливо v.11.0.828', 200828, 'Lucoil'
'Биотопливо v.11.0.829', 200829, 'Lucoil'
'Биотопливо v.11.0.830', 200830, 'Lucoil'
'Биотопливо v.11.0.831', 200831, 'Lucoil'
'Биотопливо v.11.0.832', 200832, 'Lucoil'
'Биотопливо v.11.0.833', 200833, 'Lucoil'
'Биотопливо v.11.0.834', 200834, 'Lucoil'
'Биотопливо v.11.0.835', 200835, 'Lucoil'
'Биотопливо v.11.0.836', 200836, 'Lucoil'
'Биотопливо v.11.0.837', 200837, 'Lucoil'
'Биотопливо v.11.0.838', 200838, 'Lucoil'
'Биотопливо v.11.0.839', 200839, 'Lucoil'
'Биотопливо v.11.0.840', 200840, 'Lucoil'
'Биотопливо v.11.0.841', 200841, 'Lucoil'
'Биотопливо v.11.0.842', 200842, 'Lucoil'
'Биотопливо v.11.0.843', 200843, 'Lucoil'
'Биотопливо v.11.0.844', 200844, 'Lucoil'
'Биотопливо v.11.0.845', 200845, 'Lucoil'
'Биотопливо v.11.0.846', 200846, 'Lucoil'
'Биотопливо v.11.0.847', 200847, 'Lucoil'
'Биотопливо v.11.0.848', 200848, 'Lucoil'
'Биотопливо v.11.0.849', 200849, 'Lucoil'
'Биотопливо v.11.0.850', 200850, 'Lucoil'
'Биотопливо v.11.0.851', 200851, 'Lucoil'
'Биотопливо v.11.0.852', 200852, 'Lucoil'
'Биотопливо v.11.0.853', 200853, 'Lucoil'
'Биотопливо v.11.0.854', 200854, 'Lucoil'
'Биотопливо v.11.0.855', 200855, 'Lucoil'
'Биотопливо v.11.0.856', 200856, 'Lucoil'
'Биотопливо v.11.0.857', 200857, 'Lucoil'
'Биотопливо v.11.0.858', 200858, 'Lucoil'
'Биотопливо v.11.0.859', 200859, 'Lucoil'
'Биотопливо v.11.0.860', 200860, 'Lucoil'
'Биотопливо v.11.0.861', 200861, 'Lucoil'
'Биотопливо v.11.0.862', 200862, 'Lucoil'
'Биотопливо v.11.0.863', 200863, 'Lucoil'
'Биотопливо v.11.0.864', 200864, 'Lucoil'
'Биотопливо v.11.0.865', 200865, 'Lucoil'
'Биотопливо v.11.0.866', 200866, 'Lucoil'
'Биотопливо v.11.0.867', 200867, 'Lucoil'
'Биотопливо v.11.0.868', 200868, 'Lucoil'
'Биотопливо v.11.0.869', 200869, 'Lucoil'
'Биотопливо v.11.0.870', 200870, 'Lucoil'
'Биотопливо v.11.0.871', 200871, 'Lucoil'
'Биотопливо v.11.0.872', 200872, 'Lucoil'
'Биотопливо v.11.0.873', 200873, 'Lucoil'
'Биотопливо v.11.0.874', 200874, 'Lucoil'
'Биотопливо v.11.0.875', 200875, 'Lucoil'
'Биотопливо v.11.0.876', 200876, 'Lucoil'
'Биотопливо v.11.0.877', 200877, 'Lucoil'
'Биотопливо v.11.0.878', 200878, 'Lucoil'
'Биотопливо v.11.0.879', 200879, 'Lucoil'
'Биотопливо v.11.0.880', 200880, 'Lucoil'
'Биотопливо v.11.0.881', 200881, 'Lucoil'
'Биотопливо v.11.0.882', 200882, 'Lucoil'
'Биотопливо v.11.0.883', 200883, 'Lucoil'
'Биотопливо v.11.0.884', 200884, 'Lucoil'
'Биотопливо v.11.0.885', 200885, 'Lucoil'
'Биотопливо v.11.0.886', 200886, 'Lucoil'
'Биотопливо v.11.0.887', 200887, 'Lucoil'
'Биотопливо v.11.0.888', 200888, 'Lucoil'
'Биотопливо v.11.0.889', 200889, 'Lucoil'
'Биотопливо v.11.0.890', 200890, 'Lucoil'
'Биотопливо v.11.0.891', 200891, 'Lucoil'
'Биотопливо v.11.0.892', 200892, 'Lucoil'
'Биотопливо v.11.0.893', 200893, 'Lucoil'
'Биотопливо v.11.0.894', 200894, 'Lucoil'
'Биотопливо v.11.0.895', 200895, 'Lucoil'
'Биотопливо v.11.0.896', 200896, 'Lucoil'
'Биотопливо v.11.0.897', 200897, 'Lucoil'
'Биотопливо v.11.0.898', 200898, 'Lucoil'
'Биотопливо v.11.0.899', 200899, 'Lucoil'
'Биотопливо v.11.0.900', 200900, 'Lucoil'
'Биотопливо v.11.0.901', 200901, 'Lucoil'
'Биотопливо v.11.0.902', 200902, 'Lucoil'
'Биотопливо v.11.0.903', 200903, 'Lucoil'
'Биотопливо v.11.0.904', 200904, 'Lucoil'
'Биотопливо v.11.0.905', 200905, 'Lucoil'
'Биотопливо v.11.0.906', 200906, 'Lucoil'
'Биотопливо v.11.0.907', 200907, 'Lucoil'
'Биотопливо v.11.0.908', 200908, 'Lucoil'
'Биотопливо v.11.0.909', 200909, 'Lucoil'
'Биотопливо v.11.0.910', 200910, 'Lucoil'
'Биотопливо v.11.0.911', 200911, 'Lucoil'
'Биотопливо v.11.0.912', 200912, 'Lucoil'
'Биотопливо v.11.0.913', 200913, 'Lucoil'
'Биотопливо v.11.0.914', 200914, 'Lucoil'
'Биотопливо v.11.0.915', 200915, 'Lucoil'
'Биотопливо v.11.0.916', 200916, 'Lucoil'
'Биотопливо v.11.0.917', 200917, 'Lucoil'
'Биотопливо v.11.0.918', 200918, 'Lucoil'
'Биотопливо v.11.0.919', 200919, 'Lucoil'
'Биотопливо v.11.0.920', 200920, 'Lucoil'
'Биотопливо v.11.0.921', 200921, 'Lucoil'
'Биотопливо v.11.0.922', 200922, 'Lucoil'
'Биотопливо v.11.0.923', 200923, 'Lucoil'
'Биотопливо v.11.0.924', 200924, 'Lucoil'
'Биотопливо v.11.0.925', 200925, 'Lucoil'
'Биотопливо v.11.0.926', 200926, 'Lucoil'
'Биотопливо v.11.0.927', 200927, 'Lucoil'
'Биотопливо v.11.0.928', 200928, 'Lucoil'
'Биотопливо v.11.0.929', 200929, 'Lucoil'
'Биотопливо v.11.0.930', 200930, 'Lucoil'
'Биотопливо v.11.0.931', 200931, 'Lucoil'
'Биотопливо v.11.0.932', 200932, 'Lucoil'
'Биотопливо v.11.0.933', 200933, 'Lucoil'
'Биотопливо v.11.0.934', 200934, 'Lucoil'
'Биотопливо v.11.0.935', 200935, 'Lucoil'
'Биотопливо v.11.0.936', 200936, 'Lucoil'
'Биотопливо v.11.0.937', 200937, 'Lucoil'
'Биотопливо v.11.0.938', 200938, 'Lucoil'
'Биотопливо v.11.0.939', 200939, 'Lucoil'
'Биотопливо v.11.0.940', 200940, 'Lucoil'
'Биотопливо v.11.0.941', 200941, 'Lucoil'
'Биотопливо v.11.0.942', 200942, 'Lucoil'
'Биотопливо v.11.0.943', 200943, 'Lucoil'
'Биотопливо v.11.0.944', 200944, 'Lucoil'
'Биотопливо v.11.0.945', 200945, 'Lucoil'
'Биотопливо v.11.0.946', 200946, 'Lucoil'
'Биотопливо v.11.0.947', 200947, 'Lucoil'
'Биотопливо v.11.0.948', 200948, 'Lucoil'
'Биотопливо v.11.0.949', 200949, 'Lucoil'
'Биотопливо v.11.0.950', 200950, 'Lucoil'
'Биотопливо v.11.0.951', 200951, 'Lucoil'
'Биотопливо v.11.0.952', 200952, 'Lucoil'
'Биотопливо v.11.0.953', 200953, 'Lucoil'
'Биотопливо v.11.0.954', 200954, 'Lucoil'
'Биотопливо v.11.0.955', 200955, 'Lucoil'
'Биотопливо v.11.0.956', 200956, 'Lucoil'
'Биотопливо v.11.0.957', 200957, 'Lucoil'
'Биотопливо v.11.0.958', 200958, 'Lucoil'
'Биотопливо v.11.0.959', 200959, 'Lucoil'
'Биотопливо v.11.0.960', 200960, 'Lucoil'
'Биотопливо v.11.0.961', 200961, 'Lucoil'
'Биотопливо v.11.0.962', 200962, 'Lucoil'
'Биотопливо v.11.0.963', 200963, 'Lucoil'
'Биотопливо v.11.0.964', 200964, 'Lucoil'
'Биотопливо v.11.0.965', 200965, 'Lucoil'
'Биотопливо v.11.0.966', 200966, 'Lucoil'
'Биотопливо v.11.0.967', 200967, 'Lucoil'
'Биотопливо v.11.0.968', 200968, 'Lucoil'
'Биотопливо v.11.0.969', 200969, 'Lucoil'
'Биотопливо v.11.0.970', 200970, 'Lucoil'
'Биотопливо v.11.0.971', 200971, 'Lucoil'
'Биотопливо v.11.0.972', 200972, 'Lucoil'
'Биотопливо v.11.0.973', 200973, 'Lucoil'
'Биотопливо v.11.0.974', 200974, 'Lucoil'
'Биотопливо v.11.0.975', 200975, 'Lucoil'
'Биотопливо v.11.0.976', 200976, 'Lucoil'
'Биотопливо v.11.0.977', 200977, 'Lucoil'
'Биотопливо v.11.0.978', 200978, 'Lucoil'
'Биотопливо v.11.0.979', 200979, 'Lucoil'
'Биотопливо v.11.0.980', 200980, 'Lucoil'
'Биотопливо v.11.0.981', 200981, 'Lucoil'
'Биотопливо v.11.0.982', 200982, 'Lucoil'
'Биотопливо v.11.0.983', 200983, 'Lucoil'
'Биотопливо v.11.0.984', 200984, 'Lucoil'
'Биотопливо v.11.0.985', 200985, 'Lucoil'
'Биотопливо v.11.0.986', 200986, 'Lucoil'
'Биотопливо v.11.0.987', 200987, 'Lucoil'
'Биотопливо v.11.0.988', 200988, 'Lucoil'
'Биотопливо v.11.0.989', 200989, 'Lucoil'
'Биотопливо v.11.0.990', 200990, 'Lucoil'
'Биотопливо v.11.0.991', 200991, 'Lucoil'
'Биотопливо v.11.0.992', 200992, 'Lucoil'
'Биотопливо v.11.0.993', 200993, 'Lucoil'
'Биотопливо v.11.0.994', 200994, 'Lucoil'
'Биотопливо v.11.0.995', 200995, 'Lucoil'
'Биотопливо v.11.0.996', 200996, 'Lucoil'
'Биотопливо v.11.0.997', 200997, 'Lucoil'
'Биотопливо v.11.0.998', 200998, 'Lucoil'
'Биотопливо v.11.0.999', 200999, 'Lucoil'